[
    {
        "user_id": "49964",
        "name": "Cortie Ferschke",
        "email": "cferschke0@time.com",
        "joined_at": "2020-03-20T00:36:04Z",
        "user_type": "Admin",
        "is_active": "Inactive"
    },
    {
        "user_id": "43060",
        "name": "Malanie Rivilis",
        "email": "mrivilis1@ycombinator.com",
        "joined_at": "2019-10-21T02:02:15Z",
        "user_type": "Admin",
        "is_active": "Active"
    },
    {
        "user_id": "71500",
        "name": "Leslie Whittek",
        "email": "lwhittek2@mozilla.com",
        "joined_at": "2019-09-22T01:06:41Z",
        "user_type": "Staff",
        "is_active": "Active"
    },
    {
        "user_id": "90815",
        "name": "Rubia Farquarson",
        "email": "rfarquarson3@engadget.com",
        "joined_at": "2019-11-06T06:42:34Z",
        "user_type": "Staff",
        "is_active": "Active"
    },
    {
        "user_id": "59984",
        "name": "Rafaelita Brome",
        "email": "rbrome4@paypal.com",
        "joined_at": "2019-06-19T07:38:20Z",
        "user_type": "Staff",
        "is_active": "Active"
    },
    {
        "user_id": "78027",
        "name": "Sheila-kathryn Wasielewicz",
        "email": "swasielewicz5@gravatar.com",
        "joined_at": "2020-02-25T21:21:13Z",
        "user_type": "Admin",
        "is_active": "Inactive"
    },
    {
        "user_id": "52757",
        "name": "Adelle Lomasney",
        "email": "alomasney6@loc.gov",
        "joined_at": "2019-06-03T00:47:44Z",
        "user_type": "Staff",
        "is_active": "Inactive"
    },
    {
        "user_id": "01800",
        "name": "Selinda Zappel",
        "email": "szappel7@pinterest.com",
        "joined_at": "2019-06-12T03:57:12Z",
        "user_type": "Admin",
        "is_active": "Inactive"
    },
    {
        "user_id": "25091",
        "name": "Doloritas Calton",
        "email": "dcalton8@bizjournals.com",
        "joined_at": "2020-03-13T05:50:12Z",
        "user_type": "Admin",
        "is_active": "Active"
    },
    {
        "user_id": "00182",
        "name": "Jefferey Tipling",
        "email": "jtipling9@51.la",
        "joined_at": "2019-12-25T03:53:06Z",
        "user_type": "User",
        "is_active": "Inactive"
    },
    {
        "user_id": "93888",
        "name": "Karlie Lamplugh",
        "email": "klamplugha@prlog.org",
        "joined_at": "2019-10-06T09:07:08Z",
        "user_type": "Admin",
        "is_active": "Active"
    },
    {
        "user_id": "84742",
        "name": "Trixy Mellish",
        "email": "tmellishb@discovery.com",
        "joined_at": "2019-09-14T13:36:34Z",
        "user_type": "User",
        "is_active": "Active"
    },
    {
        "user_id": "91650",
        "name": "Willa Blowfield",
        "email": "wblowfieldc@pcworld.com",
        "joined_at": "2019-12-30T09:32:50Z",
        "user_type": "User",
        "is_active": "Active"
    },
    {
        "user_id": "42300",
        "name": "Clayborne Follitt",
        "email": "cfollittd@ebay.co.uk",
        "joined_at": "2020-05-01T11:03:41Z",
        "user_type": "Staff",
        "is_active": "Inactive"
    },
    {
        "user_id": "90011",
        "name": "Katie Vail",
        "email": "kvaile@sogou.com",
        "joined_at": "2019-06-26T12:27:58Z",
        "user_type": "User",
        "is_active": "Inactive"
    },
    {
        "user_id": "03025",
        "name": "Penrod Seatter",
        "email": "pseatterf@altervista.org",
        "joined_at": "2019-11-26T05:15:00Z",
        "user_type": "Admin",
        "is_active": "Inactive"
    },
    {
        "user_id": "33789",
        "name": "Monika Besemer",
        "email": "mbesemerg@cyberchimps.com",
        "joined_at": "2019-08-04T18:26:39Z",
        "user_type": "Staff",
        "is_active": "Inactive"
    },
    {
        "user_id": "84829",
        "name": "Alasdair Bruyntjes",
        "email": "abruyntjesh@weebly.com",
        "joined_at": "2019-11-13T11:02:09Z",
        "user_type": "Staff",
        "is_active": "Active"
    },
    {
        "user_id": "79120",
        "name": "Jason Feldmesser",
        "email": "jfeldmesseri@uol.com.br",
        "joined_at": "2020-02-13T19:35:18Z",
        "user_type": "Staff",
        "is_active": "Active"
    },
    {
        "user_id": "82201",
        "name": "Nickey Cardenoza",
        "email": "ncardenozaj@foxnews.com",
        "joined_at": "2019-11-22T00:18:12Z",
        "user_type": "User",
        "is_active": "Active"
    },
    {
        "user_id": "10996",
        "name": "Kelli Norville",
        "email": "knorvillek@jugem.jp",
        "joined_at": "2019-09-19T20:17:27Z",
        "user_type": "Staff",
        "is_active": "Inactive"
    },
    {
        "user_id": "82019",
        "name": "Winfred Brimfield",
        "email": "wbrimfieldl@twitpic.com",
        "joined_at": "2019-10-28T12:36:33Z",
        "user_type": "Admin",
        "is_active": "Inactive"
    },
    {
        "user_id": "37954",
        "name": "Rufus Aitken",
        "email": "raitkenm@elpais.com",
        "joined_at": "2019-06-26T14:35:00Z",
        "user_type": "Staff",
        "is_active": "Active"
    },
    {
        "user_id": "91592",
        "name": "Willem Damp",
        "email": "wdampn@list-manage.com",
        "joined_at": "2020-03-25T18:05:35Z",
        "user_type": "Admin",
        "is_active": "Active"
    },
    {
        "user_id": "70551",
        "name": "Keenan Goodship",
        "email": "kgoodshipo@berkeley.edu",
        "joined_at": "2019-06-04T05:31:22Z",
        "user_type": "User",
        "is_active": "Inactive"
    },
    {
        "user_id": "25742",
        "name": "Bettine Brizland",
        "email": "bbrizlandp@foxnews.com",
        "joined_at": "2019-09-12T00:33:50Z",
        "user_type": "Staff",
        "is_active": "Active"
    },
    {
        "user_id": "45131",
        "name": "Candra Manners",
        "email": "cmannersq@fda.gov",
        "joined_at": "2020-01-26T08:08:11Z",
        "user_type": "Staff",
        "is_active": "Active"
    },
    {
        "user_id": "41619",
        "name": "Jess Giorgio",
        "email": "jgiorgior@comcast.net",
        "joined_at": "2019-12-13T14:42:50Z",
        "user_type": "Staff",
        "is_active": "Inactive"
    },
    {
        "user_id": "04473",
        "name": "Humfrid Handscombe",
        "email": "hhandscombes@biblegateway.com",
        "joined_at": "2019-12-06T20:00:15Z",
        "user_type": "Staff",
        "is_active": "Inactive"
    },
    {
        "user_id": "19498",
        "name": "Care Simonelli",
        "email": "csimonellit@chron.com",
        "joined_at": "2020-01-23T13:26:15Z",
        "user_type": "Staff",
        "is_active": "Active"
    },
    {
        "user_id": "62631",
        "name": "Rica Radclyffe",
        "email": "rradclyffeu@comcast.net",
        "joined_at": "2019-11-04T06:33:57Z",
        "user_type": "User",
        "is_active": "Inactive"
    },
    {
        "user_id": "30334",
        "name": "Augustine Vankov",
        "email": "avankovv@java.com",
        "joined_at": "2020-04-15T03:10:47Z",
        "user_type": "User",
        "is_active": "Inactive"
    },
    {
        "user_id": "83236",
        "name": "Margery Road",
        "email": "mroadw@howstuffworks.com",
        "joined_at": "2019-09-07T02:59:42Z",
        "user_type": "Staff",
        "is_active": "Inactive"
    },
    {
        "user_id": "14237",
        "name": "Chip Tims",
        "email": "ctimsx@eepurl.com",
        "joined_at": "2019-11-19T23:02:17Z",
        "user_type": "Admin",
        "is_active": "Inactive"
    },
    {
        "user_id": "48623",
        "name": "Ange Drain",
        "email": "adrainy@toplist.cz",
        "joined_at": "2019-10-18T22:07:52Z",
        "user_type": "User",
        "is_active": "Inactive"
    },
    {
        "user_id": "08273",
        "name": "Guthrie Mushawe",
        "email": "gmushawez@domainmarket.com",
        "joined_at": "2019-05-30T08:14:33Z",
        "user_type": "Staff",
        "is_active": "Inactive"
    },
    {
        "user_id": "69298",
        "name": "Willem Likly",
        "email": "wlikly10@weibo.com",
        "joined_at": "2020-03-10T10:55:41Z",
        "user_type": "Staff",
        "is_active": "Inactive"
    },
    {
        "user_id": "17544",
        "name": "Janette London",
        "email": "jlondon11@woothemes.com",
        "joined_at": "2019-10-31T19:14:35Z",
        "user_type": "User",
        "is_active": "Inactive"
    },
    {
        "user_id": "72576",
        "name": "Robby Eefting",
        "email": "reefting12@google.it",
        "joined_at": "2019-10-07T02:28:26Z",
        "user_type": "User",
        "is_active": "Inactive"
    },
    {
        "user_id": "72737",
        "name": "Rinaldo Pickthall",
        "email": "rpickthall13@usa.gov",
        "joined_at": "2019-07-22T14:56:27Z",
        "user_type": "Staff",
        "is_active": "Inactive"
    },
    {
        "user_id": "10139",
        "name": "Keslie Cicchelli",
        "email": "kcicchelli14@who.int",
        "joined_at": "2020-01-19T09:03:59Z",
        "user_type": "Admin",
        "is_active": "Inactive"
    },
    {
        "user_id": "45288",
        "name": "Connie Sanchiz",
        "email": "csanchiz15@who.int",
        "joined_at": "2019-10-08T01:26:15Z",
        "user_type": "User",
        "is_active": "Inactive"
    },
    {
        "user_id": "01006",
        "name": "Sally Oldis",
        "email": "soldis16@gnu.org",
        "joined_at": "2019-06-03T19:16:03Z",
        "user_type": "Admin",
        "is_active": "Active"
    },
    {
        "user_id": "82351",
        "name": "Bentlee Gisbourn",
        "email": "bgisbourn17@disqus.com",
        "joined_at": "2020-02-11T10:26:30Z",
        "user_type": "User",
        "is_active": "Active"
    },
    {
        "user_id": "87304",
        "name": "Mayer Giacaponi",
        "email": "mgiacaponi18@chronoengine.com",
        "joined_at": "2019-11-05T23:17:11Z",
        "user_type": "Staff",
        "is_active": "Inactive"
    },
    {
        "user_id": "94703",
        "name": "Corette Fearnill",
        "email": "cfearnill19@netlog.com",
        "joined_at": "2019-08-31T13:01:04Z",
        "user_type": "Admin",
        "is_active": "Inactive"
    },
    {
        "user_id": "70856",
        "name": "Eartha Hostan",
        "email": "ehostan1a@cafepress.com",
        "joined_at": "2019-12-23T10:12:48Z",
        "user_type": "Staff",
        "is_active": "Active"
    },
    {
        "user_id": "98844",
        "name": "Marya Slevin",
        "email": "mslevin1b@delicious.com",
        "joined_at": "2019-05-22T18:00:41Z",
        "user_type": "User",
        "is_active": "Inactive"
    },
    {
        "user_id": "27038",
        "name": "Steward Latliff",
        "email": "slatliff1c@4shared.com",
        "joined_at": "2020-03-06T09:07:46Z",
        "user_type": "User",
        "is_active": "Inactive"
    },
    {
        "user_id": "26599",
        "name": "Phip Mees",
        "email": "pmees1d@webnode.com",
        "joined_at": "2019-12-05T04:55:51Z",
        "user_type": "Admin",
        "is_active": "Inactive"
    }
]