[
    {
        "date": "2018-07-27",
        "value": 13
    },
    {
        "date": "2018-07-28",
        "value": 11
    },
    {
        "date": "2018-07-29",
        "value": 15
    },
    {
        "date": "2018-07-30",
        "value": 16
    },
    {
        "date": "2018-07-31",
        "value": 18
    },
    {
        "date": "2018-08-01",
        "value": 13
    },
    {
        "date": "2018-08-02",
        "value": 22
    },
    {
        "date": "2018-08-03",
        "value": 23
    },
    {
        "date": "2018-08-04",
        "value": 20
    },
    {
        "date": "2018-08-05",
        "value": 17
    },
    {
        "date": "2018-08-06",
        "value": 16
    },
    {
        "date": "2018-08-07",
        "value": 18
    },
    {
        "date": "2018-08-08",
        "value": 21
    },
    {
        "date": "2018-08-09",
        "value": 26
    },
    {
        "date": "2018-08-10",
        "value": 24
    },
    {
        "date": "2018-08-11",
        "value": 29
    },
    {
        "date": "2018-08-12",
        "value": 32
    },
    {
        "date": "2018-08-13",
        "value": 18
    },
    {
        "date": "2018-08-14",
        "value": 24
    },
    {
        "date": "2018-08-15",
        "value": 22
    },
    {
        "date": "2018-08-16",
        "value": 18
    },
    {
        "date": "2018-08-17",
        "value": 19
    },
    {
        "date": "2018-08-18",
        "value": 14
    },
    {
        "date": "2018-08-19",
        "value": 15
    },
    {
        "date": "2018-08-20",
        "value": 12
    },
    {
        "date": "2018-08-21",
        "value": 8
    },
    {
        "date": "2018-08-22",
        "value": 9
    },
    {
        "date": "2018-08-23",
        "value": 8
    },
    {
        "date": "2018-08-24",
        "value": 7
    },
    {
        "date": "2018-08-25",
        "value": 5
    },
    {
        "date": "2018-08-26",
        "value": 11
    },
    {
        "date": "2018-08-27",
        "value": 13
    },
    {
        "date": "2018-08-28",
        "value": 18
    },
    {
        "date": "2018-08-29",
        "value": 20
    },
    {
        "date": "2018-08-30",
        "value": 29
    },
    {
        "date": "2018-08-31",
        "value": 33
    },
    {
        "date": "2018-09-01",
        "value": 42
    },
    {
        "date": "2018-09-02",
        "value": 35
    },
    {
        "date": "2018-09-03",
        "value": 31
    },
    {
        "date": "2018-09-04",
        "value": 47
    },
    {
        "date": "2018-09-05",
        "value": 52
    },
    {
        "date": "2018-09-06",
        "value": 46
    },
    {
        "date": "2018-09-07",
        "value": 41
    },
    {
        "date": "2018-09-08",
        "value": 43
    },
    {
        "date": "2018-09-09",
        "value": 40
    },
    {
        "date": "2018-09-10",
        "value": 39
    },
    {
        "date": "2018-09-11",
        "value": 34
    },
    {
        "date": "2018-09-12",
        "value": 29
    },
    {
        "date": "2018-09-13",
        "value": 34
    },
    {
        "date": "2018-09-14",
        "value": 37
    },
    {
        "date": "2018-09-15",
        "value": 42
    },
    {
        "date": "2018-09-16",
        "value": 49
    },
    {
        "date": "2018-09-17",
        "value": 46
    },
    {
        "date": "2018-09-18",
        "value": 47
    },
    {
        "date": "2018-09-19",
        "value": 55
    },
    {
        "date": "2018-09-20",
        "value": 59
    },
    {
        "date": "2018-09-21",
        "value": 58
    },
    {
        "date": "2018-09-22",
        "value": 57
    },
    {
        "date": "2018-09-23",
        "value": 61
    },
    {
        "date": "2018-09-24",
        "value": 59
    },
    {
        "date": "2018-09-25",
        "value": 67
    },
    {
        "date": "2018-09-26",
        "value": 65
    },
    {
        "date": "2018-09-27",
        "value": 61
    },
    {
        "date": "2018-09-28",
        "value": 66
    },
    {
        "date": "2018-09-29",
        "value": 69
    },
    {
        "date": "2018-09-30",
        "value": 71
    },
    {
        "date": "2018-10-01",
        "value": 67
    },
    {
        "date": "2018-10-02",
        "value": 63
    },
    {
        "date": "2018-10-03",
        "value": 46
    },
    {
        "date": "2018-10-04",
        "value": 32
    },
    {
        "date": "2018-10-05",
        "value": 21
    },
    {
        "date": "2018-10-06",
        "value": 18
    },
    {
        "date": "2018-10-07",
        "value": 21
    },
    {
        "date": "2018-10-08",
        "value": 28
    },
    {
        "date": "2018-10-09",
        "value": 27
    },
    {
        "date": "2018-10-10",
        "value": 36
    },
    {
        "date": "2018-10-11",
        "value": 33
    },
    {
        "date": "2018-10-12",
        "value": 31
    },
    {
        "date": "2018-10-13",
        "value": 30
    },
    {
        "date": "2018-10-14",
        "value": 34
    },
    {
        "date": "2018-10-15",
        "value": 38
    },
    {
        "date": "2018-10-16",
        "value": 37
    },
    {
        "date": "2018-10-17",
        "value": 44
    },
    {
        "date": "2018-10-18",
        "value": 49
    },
    {
        "date": "2018-10-19",
        "value": 53
    },
    {
        "date": "2018-10-20",
        "value": 57
    },
    {
        "date": "2018-10-21",
        "value": 60
    },
    {
        "date": "2018-10-22",
        "value": 61
    },
    {
        "date": "2018-10-23",
        "value": 69
    },
    {
        "date": "2018-10-24",
        "value": 67
    },
    {
        "date": "2018-10-25",
        "value": 72
    },
    {
        "date": "2018-10-26",
        "value": 77
    },
    {
        "date": "2018-10-27",
        "value": 75
    },
    {
        "date": "2018-10-28",
        "value": 70
    },
    {
        "date": "2018-10-29",
        "value": 72
    },
    {
        "date": "2018-10-30",
        "value": 70
    },
    {
        "date": "2018-10-31",
        "value": 72
    },
    {
        "date": "2018-11-01",
        "value": 73
    },
    {
        "date": "2018-11-02",
        "value": 67
    },
    {
        "date": "2018-11-03",
        "value": 68
    },
    {
        "date": "2018-11-04",
        "value": 65
    },
    {
        "date": "2018-11-05",
        "value": 71
    },
    {
        "date": "2018-11-06",
        "value": 75
    },
    {
        "date": "2018-11-07",
        "value": 74
    },
    {
        "date": "2018-11-08",
        "value": 71
    },
    {
        "date": "2018-11-09",
        "value": 76
    },
    {
        "date": "2018-11-10",
        "value": 77
    },
    {
        "date": "2018-11-11",
        "value": 81
    },
    {
        "date": "2018-11-12",
        "value": 83
    },
    {
        "date": "2018-11-13",
        "value": 80
    },
    {
        "date": "2018-11-14",
        "value": 81
    },
    {
        "date": "2018-11-15",
        "value": 87
    },
    {
        "date": "2018-11-16",
        "value": 82
    },
    {
        "date": "2018-11-17",
        "value": 86
    },
    {
        "date": "2018-11-18",
        "value": 80
    },
    {
        "date": "2018-11-19",
        "value": 87
    },
    {
        "date": "2018-11-20",
        "value": 83
    },
    {
        "date": "2018-11-21",
        "value": 85
    },
    {
        "date": "2018-11-22",
        "value": 84
    },
    {
        "date": "2018-11-23",
        "value": 82
    },
    {
        "date": "2018-11-24",
        "value": 73
    },
    {
        "date": "2018-11-25",
        "value": 71
    },
    {
        "date": "2018-11-26",
        "value": 75
    },
    {
        "date": "2018-11-27",
        "value": 79
    },
    {
        "date": "2018-11-28",
        "value": 70
    },
    {
        "date": "2018-11-29",
        "value": 73
    },
    {
        "date": "2018-11-30",
        "value": 61
    },
    {
        "date": "2018-12-01",
        "value": 62
    },
    {
        "date": "2018-12-02",
        "value": 66
    },
    {
        "date": "2018-12-03",
        "value": 65
    },
    {
        "date": "2018-12-04",
        "value": 73
    },
    {
        "date": "2018-12-05",
        "value": 79
    },
    {
        "date": "2018-12-06",
        "value": 78
    },
    {
        "date": "2018-12-07",
        "value": 78
    },
    {
        "date": "2018-12-08",
        "value": 78
    },
    {
        "date": "2018-12-09",
        "value": 74
    },
    {
        "date": "2018-12-10",
        "value": 73
    },
    {
        "date": "2018-12-11",
        "value": 75
    },
    {
        "date": "2018-12-12",
        "value": 70
    },
    {
        "date": "2018-12-13",
        "value": 77
    },
    {
        "date": "2018-12-14",
        "value": 67
    },
    {
        "date": "2018-12-15",
        "value": 62
    },
    {
        "date": "2018-12-16",
        "value": 64
    },
    {
        "date": "2018-12-17",
        "value": 61
    },
    {
        "date": "2018-12-18",
        "value": 59
    },
    {
        "date": "2018-12-19",
        "value": 53
    },
    {
        "date": "2018-12-20",
        "value": 54
    },
    {
        "date": "2018-12-21",
        "value": 56
    },
    {
        "date": "2018-12-22",
        "value": 59
    },
    {
        "date": "2018-12-23",
        "value": 58
    },
    {
        "date": "2018-12-24",
        "value": 55
    },
    {
        "date": "2018-12-25",
        "value": 52
    },
    {
        "date": "2018-12-26",
        "value": 54
    },
    {
        "date": "2018-12-27",
        "value": 50
    },
    {
        "date": "2018-12-28",
        "value": 50
    },
    {
        "date": "2018-12-29",
        "value": 51
    },
    {
        "date": "2018-12-30",
        "value": 52
    },
    {
        "date": "2018-12-31",
        "value": 58
    },
    {
        "date": "2019-01-01",
        "value": 60
    },
    {
        "date": "2019-01-02",
        "value": 67
    },
    {
        "date": "2019-01-03",
        "value": 64
    },
    {
        "date": "2019-01-04",
        "value": 66
    },
    {
        "date": "2019-01-05",
        "value": 60
    },
    {
        "date": "2019-01-06",
        "value": 63
    },
    {
        "date": "2019-01-07",
        "value": 61
    },
    {
        "date": "2019-01-08",
        "value": 60
    },
    {
        "date": "2019-01-09",
        "value": 65
    },
    {
        "date": "2019-01-10",
        "value": 75
    },
    {
        "date": "2019-01-11",
        "value": 77
    },
    {
        "date": "2019-01-12",
        "value": 78
    },
    {
        "date": "2019-01-13",
        "value": 70
    },
    {
        "date": "2019-01-14",
        "value": 70
    },
    {
        "date": "2019-01-15",
        "value": 73
    },
    {
        "date": "2019-01-16",
        "value": 71
    },
    {
        "date": "2019-01-17",
        "value": 74
    },
    {
        "date": "2019-01-18",
        "value": 78
    },
    {
        "date": "2019-01-19",
        "value": 85
    },
    {
        "date": "2019-01-20",
        "value": 82
    },
    {
        "date": "2019-01-21",
        "value": 83
    },
    {
        "date": "2019-01-22",
        "value": 88
    },
    {
        "date": "2019-01-23",
        "value": 85
    },
    {
        "date": "2019-01-24",
        "value": 85
    },
    {
        "date": "2019-01-25",
        "value": 80
    },
    {
        "date": "2019-01-26",
        "value": 87
    },
    {
        "date": "2019-01-27",
        "value": 84
    },
    {
        "date": "2019-01-28",
        "value": 83
    },
    {
        "date": "2019-01-29",
        "value": 84
    },
    {
        "date": "2019-01-30",
        "value": 81
    }
]