[
    {
        "year": "2000",
        "amount": 194
    },
    {
        "year": "2002",
        "amount": 157
    },
    {
        "year": "2004",
        "amount": 150
    },
    {
        "year": "2006",
        "amount": 134
    },
    {
        "year": "2008",
        "amount": 162
    },
    {
        "year": "2010",
        "amount": 128
    },
    {
        "year": "2012",
        "amount": 149
    },
    {
        "year": "2014",
        "amount": 175
    },
    {
        "year": "2016",
        "amount": 184
    },
    {
        "year": "2018",
        "amount": 158
    }
]